letter,accuracy
Intellect,0.996748342
Liberalism,0.991737113
Sympathy,0.987213496
Openness,0.980898844
Activity level,0.913972065
